observation_date,LES1252881600Q
2006-01-01,332
2006-04-01,329
2006-07-01,334
2006-10-01,337
2007-01-01,336
2007-04-01,335
2007-07-01,336
2007-10-01,332
2008-01-01,335
2008-04-01,335
2008-07-01,331
2008-10-01,340
2009-01-01,345
2009-04-01,345
2009-07-01,345
2009-10-01,344
2010-01-01,344
2010-04-01,342
2010-07-01,342
2010-10-01,341
2011-01-01,338
2011-04-01,336
2011-07-01,336
2011-10-01,335
2012-01-01,335
2012-04-01,337
2012-07-01,333
2012-10-01,333
2013-01-01,331
2013-04-01,335
2013-07-01,334
2013-10-01,334
2014-01-01,335
2014-04-01,330
2014-07-01,336
2014-10-01,336
2015-01-01,341
2015-04-01,339
2015-07-01,340
2015-10-01,345
2016-01-01,346
2016-04-01,345
2016-07-01,347
2016-10-01,349
2017-01-01,352
2017-04-01,354
2017-07-01,352
2017-10-01,345
2018-01-01,351
2018-04-01,351
2018-07-01,354
2018-10-01,355
2019-01-01,355
2019-04-01,358
2019-07-01,360
2019-10-01,362
2020-01-01,367
2020-04-01,393
2020-07-01,384
2020-10-01,376
2021-01-01,373
2021-04-01,371
2021-07-01,367
2021-10-01,361
2022-01-01,363
2022-04-01,359
2022-07-01,362
2022-10-01,362
2023-01-01,364
2023-04-01,365
2023-07-01,366
2023-10-01,369
2024-01-01,365
2024-04-01,368
2024-07-01,371
2024-10-01,374
2025-01-01,373
2025-04-01,376
2025-07-01,376
2025-10-01,
2026-01-01,376
2026-04-01,378
